{"cameraMode":{"drawMode":0,"name":"Shaded","section":"Shading Mode"},"sceneLighting":true,"audioPlay":false,"sceneViewState":{"m_AlwaysRefresh":false,"showFog":true,"showSkybox":true,"showFlares":true,"showImageEffects":true,"showParticleSystems":true,"showVisualEffectGraphs":true,"m_FxEnabled":true},"in2DMode":false,"pivot":{"x":1.1232175827026368,"y":3.369248867034912,"z":-2.7975664138793947},"rotation":{"x":-0.06466963142156601,"y":0.9352043271064758,"z":-0.23810921609401704,"w":-0.25399795174598696},"size":8.267468452453614,"orthographic":false}